{"name":"5feadffc-b337-4d63-900a-6d8862f9f041","id":"/providers/Microsoft.Flow/flows/5feadffc-b337-4d63-900a-6d8862f9f041","type":"Microsoft.Flow/flows","properties":{"apiId":"/providers/Microsoft.PowerApps/apis/shared_logicflows","displayName":"Genreate And View PDF","definition":{"metadata":{"workflowEntityId":null,"processAdvisorMetadata":null,"flowChargedByPaygo":null,"flowclientsuspensionreason":"None","flowclientsuspensiontime":null,"flowclientsuspensionreasondetails":null,"creator":{"id":"0108b8be-2131-4891-bf85-f6cdace12bcf","type":"User","tenantId":"e9bff946-54d8-43ac-8be3-d90cd4875a58"},"provisioningMethod":"FromDefinition","failureAlertSubscription":true,"clientLastModifiedTime":"2024-12-27T21:00:19.0575491Z","connectionKeySavedTimeKey":"2024-12-27T21:00:19.0575491Z"},"$schema":"https://schema.management.azure.com/providers/Microsoft.Logic/schemas/2016-06-01/workflowdefinition.json#","contentVersion":"1.0.0.0","parameters":{"$connections":{"defaultValue":{},"type":"Object"},"$authentication":{"defaultValue":{},"type":"SecureObject"}},"triggers":{"manual":{"metadata":{"operationMetadataId":"dc3c2900-78d0-434f-a3bb-5b92d7730700"},"type":"Request","kind":"PowerAppV2","inputs":{"schema":{"type":"object","properties":{"text_1":{"title":"path","type":"string","x-ms-dynamically-added":true,"description":"Please enter your input","x-ms-content-hint":"TEXT"},"text_2":{"title":"identifier","type":"string","x-ms-dynamically-added":true,"description":"Please enter your input","x-ms-content-hint":"TEXT"},"text":{"title":"FID","type":"string","x-ms-dynamically-added":true,"description":"Please enter your input","x-ms-content-hint":"TEXT"},"text_3":{"title":"name","type":"string","x-ms-dynamically-added":true,"description":"Please enter your input","x-ms-content-hint":"TEXT"}},"required":["text_1","text_2","text","text_3"]}}}},"actions":{"Get_attachment_content":{"runAfter":{},"metadata":{"operationMetadataId":"c31a2fde-b8d6-47e8-95cf-223036c7c797"},"type":"OpenApiConnection","inputs":{"host":{"apiId":"/providers/Microsoft.PowerApps/apis/shared_sharepointonline","connectionName":"shared_sharepointonline","operationId":"GetAttachmentContent"},"parameters":{"dataset":"https://datenshi.sharepoint.com/sites/Dev Feven","table":"@triggerBody()['text_1']","itemId":"@triggerBody()['text']","attachmentId":"@triggerBody()['text_2']"},"authentication":{"value":"@json(decodeBase64(triggerOutputs().headers['X-MS-APIM-Tokens']))['$ConnectionKey']","type":"Raw"}}},"Respond_to_a_Power_App_or_flow":{"runAfter":{"GetPDF":["Succeeded"]},"metadata":{"operationMetadataId":"a874a0f7-2f24-4a1a-9618-33b3e1072e89"},"type":"Response","kind":"PowerApp","inputs":{"statusCode":200,"body":{"link":"@outputs('Create_sharing_link_for_a_file_or_folder')?['body/link/webUrl']","id":"@{outputs('Create_file_as_PDF')?['body/ItemId']}","content":"@{body('GetPDF')['$content']}"},"schema":{"type":"object","properties":{"link":{"title":"link","x-ms-dynamically-added":true,"type":"string"},"id":{"title":"ID","x-ms-dynamically-added":true,"type":"string"},"content":{"title":"content","x-ms-dynamically-added":true,"type":"string","format":"byte"}}}}},"Create_file":{"runAfter":{"Get_attachment_content":["Succeeded"]},"metadata":{"operationMetadataId":"41e60ba1-5fbd-4129-8b57-f66d1a1fe82d"},"type":"OpenApiConnection","inputs":{"host":{"apiId":"/providers/Microsoft.PowerApps/apis/shared_onedriveforbusiness","connectionName":"shared_onedriveforbusiness","operationId":"CreateFile"},"parameters":{"folderPath":"/AppData","name":"@triggerBody()['text_3']","body":"@body('Get_attachment_content')"},"authentication":{"value":"@json(decodeBase64(triggerOutputs().headers['X-MS-APIM-Tokens']))['$ConnectionKey']","type":"Raw"}},"runtimeConfiguration":{"contentTransfer":{"transferMode":"Chunked"}}},"Convert_file":{"runAfter":{"Create_file":["Succeeded"]},"metadata":{"operationMetadataId":"e62bc76a-7d63-4749-8e3b-89c02910c109"},"type":"OpenApiConnection","inputs":{"host":{"apiId":"/providers/Microsoft.PowerApps/apis/shared_onedriveforbusiness","connectionName":"shared_onedriveforbusiness","operationId":"ConvertFile"},"parameters":{"id":"@outputs('Create_file')?['body/Id']","type":"PDF"},"authentication":{"value":"@json(decodeBase64(triggerOutputs().headers['X-MS-APIM-Tokens']))['$ConnectionKey']","type":"Raw"}}},"Delete_file":{"runAfter":{"Convert_file":["Succeeded"]},"metadata":{"operationMetadataId":"ac10e06d-f609-437a-929c-e21e801172ff"},"type":"OpenApiConnection","inputs":{"host":{"apiId":"/providers/Microsoft.PowerApps/apis/shared_onedriveforbusiness","connectionName":"shared_onedriveforbusiness","operationId":"DeleteFile"},"parameters":{"id":"@outputs('Create_file')?['body/Id']"},"authentication":{"value":"@json(decodeBase64(triggerOutputs().headers['X-MS-APIM-Tokens']))['$ConnectionKey']","type":"Raw"}}},"Create_file_as_PDF":{"runAfter":{"Delete_file":["Succeeded"]},"metadata":{"operationMetadataId":"189f91ae-0f3b-4b09-a146-78428c38bd6d"},"type":"OpenApiConnection","inputs":{"host":{"apiId":"/providers/Microsoft.PowerApps/apis/shared_sharepointonline","connectionName":"shared_sharepointonline","operationId":"CreateFile"},"parameters":{"dataset":"https://datenshi.sharepoint.com","folderPath":"/Shared Documents","name":"@{utcNow()}_@{outputs('Convert_file')?['headers/x-ms-file-name']}","body":"@body('Convert_file')"},"authentication":{"value":"@json(decodeBase64(triggerOutputs().headers['X-MS-APIM-Tokens']))['$ConnectionKey']","type":"Raw"}},"runtimeConfiguration":{"contentTransfer":{"transferMode":"Chunked"}}},"Create_sharing_link_for_a_file_or_folder":{"runAfter":{"Create_file_as_PDF":["Succeeded"]},"metadata":{"operationMetadataId":"6c184e4e-9ddd-45b5-871b-9b05678fdf2f"},"type":"OpenApiConnection","inputs":{"host":{"apiId":"/providers/Microsoft.PowerApps/apis/shared_sharepointonline","connectionName":"shared_sharepointonline","operationId":"CreateSharingLink"},"parameters":{"dataset":"https://datenshi.sharepoint.com","table":"b4b20ef0-310f-42d3-b82f-c42024b78f18","id":"@outputs('Create_file_as_PDF')?['body/ItemId']","permission/type":"edit","permission/scope":"anonymous"},"authentication":{"value":"@json(decodeBase64(triggerOutputs().headers['X-MS-APIM-Tokens']))['$ConnectionKey']","type":"Raw"}}},"GetPDF":{"runAfter":{"Create_sharing_link_for_a_file_or_folder":["Succeeded"]},"metadata":{"operationMetadataId":"a32f8b38-6ae5-4fa8-917a-bf9c3d4a7137"},"type":"OpenApiConnection","inputs":{"host":{"apiId":"/providers/Microsoft.PowerApps/apis/shared_sharepointonline","connectionName":"shared_sharepointonline","operationId":"GetFileContentByPath"},"parameters":{"dataset":"https://datenshi.sharepoint.com","path":"@outputs('Create_file_as_PDF')?['body/Path']","inferContentType":true},"authentication":{"value":"@json(decodeBase64(triggerOutputs().headers['X-MS-APIM-Tokens']))['$ConnectionKey']","type":"Raw"}}}}},"connectionReferences":{"shared_sharepointonline":{"connectionName":"shared-sharepointonl-9e658628-05d2-452f-a231-39eb72f9afc1","source":"Invoker","id":"/providers/Microsoft.PowerApps/apis/shared_sharepointonline","tier":"NotSpecified","apiName":"sharepointonline"},"shared_onedriveforbusiness":{"connectionName":"9da9d73f284d48f3abab9556ebd119ec","source":"Invoker","id":"/providers/Microsoft.PowerApps/apis/shared_onedriveforbusiness","tier":"NotSpecified","apiName":"onedriveforbusiness"}},"flowFailureAlertSubscribed":false,"isManaged":false}}