{"schemaVersion":"1.0","appDefinitionTemplate":{"id":"/providers/Microsoft.PowerApps/apps/","type":"Microsoft.PowerApps/apps","tags":{"primaryDeviceWidth":"1366","primaryDeviceHeight":"768","supportsPortrait":"true","supportsLandscape":"true","primaryFormFactor":"Tablet","showStatusBar":"false","publisherVersion":"3.24122.12","minimumRequiredApiVersion":"2.2.0","hasComponent":"false","hasUnlockedComponent":"false","isUnifiedRootApp":"false","sienaVersion":"20241228T164246Z-3.24122.12.0"},"properties":{"appVersion":"2024-12-28T16:42:46Z","lifeCycleId":"Published","createdByClientVersion":{"major":3,"minor":24122,"build":12,"revision":0,"majorRevision":0,"minorRevision":0},"minClientVersion":{"major":3,"minor":24122,"build":12,"revision":0,"majorRevision":0,"minorRevision":0},"backgroundColor":"RGBA(0,176,240,1)","backgroundImageUri":"/3637209544316977464/Nb1629e69-f9d1-4a6b-82d4-769b069d746f-logoSmallFile","displayName":"Doc&Attachment_Viewer","description":"","commitMessage":"","appUris":{"documentUri":{"value":"/3637209544316977464/N6cb72f8f-220b-49dd-aa52-661db986d89b-document.msapp"},"imageUris":[],"additionalUris":[{"isSolutionAware":false,"value":"/3637209544316977464/Na0ae7a04-4481-4788-9127-911bdab18a90-identity.json"}]},"createdTime":"0001-01-01T00:00:00Z","lastModifiedTime":"0001-01-01T00:00:00Z","sharedGroupsCount":0,"sharedUsersCount":0,"connectionReferences":{"29be6e6d-60d8-41c3-87e4-669e81818a08":{"id":"aa15f8a7-4471-4276-bbfa-93ca27d8faad","displayName":"SharePoint","iconUri":"https://connectoricons-prod.azureedge.net/releases/v1.0.1723/1.0.1723.3986/sharepointonline/icon.png","dataSources":["Documents","Inventory","Documents_1"],"dependencies":[],"dependents":["7714599f-011a-47c7-830f-9f893d94c501"],"parameterHints":{},"parameterHintsV2":{},"isOnPremiseConnection":false,"bypassConsent":false,"dataSets":{"https://datenshi.sharepoint.com":{"dataSources":{"Documents":{"tableName":"b4b20ef0-310f-42d3-b82f-c42024b78f18"},"Documents_1":{"tableName":"b4b20ef0-310f-42d3-b82f-c42024b78f18"}}},"https://datenshi.sharepoint.com/sites/Dev Feven":{"dataSources":{"Inventory":{"tableName":"7220b6ff-f946-4bb5-9907-242ef8fbc273"}}}},"apiTier":"Standard","isCustomApiConnection":false,"actions":["providers/PowerPlatform.Governance/Operations/Read","providers/PowerPlatform.Governance/Operations/Write","providers/PowerPlatform.Governance/Operations/Delete"]},"7714599f-011a-47c7-830f-9f893d94c501":{"id":"b3d72cdd-a03e-42fb-9939-b7a3e422cf33","displayName":"Logic flows","iconUri":"https://connectoricons-prod.azureedge.net/releases/v1.0.1725/1.0.1725.4004/logicflows/icon.png","dataSources":["GenreateAndViewPDF"],"dependencies":["29be6e6d-60d8-41c3-87e4-669e81818a08","7ca0083a-32b4-41ac-83b9-9476dd4458e6"],"dependents":[],"parameterHints":{"workflowName":{"value":"20ca4122-6913-415a-9177-96e48ff9500f"},"workflowEntityId":{},"workflowDisplayName":{"value":"Genreate And View PDF"},"29be6e6d-60d8-41c3-87e4-669e81818a08":{"value":"shared_sharepointonline"},"7ca0083a-32b4-41ac-83b9-9476dd4458e6":{"value":"shared_onedriveforbusiness"}},"parameterHintsV2":{"workflowName":{"value":"20ca4122-6913-415a-9177-96e48ff9500f"},"workflowEntityId":{},"workflowDisplayName":{"value":"Genreate And View PDF"},"shared_sharepointonline":{"value":"29be6e6d-60d8-41c3-87e4-669e81818a08"},"shared_onedriveforbusiness":{"value":"7ca0083a-32b4-41ac-83b9-9476dd4458e6"}},"isOnPremiseConnection":false,"bypassConsent":false,"dataSets":{},"apiTier":"Standard","isCustomApiConnection":false,"actions":["Run"],"nestedActions":[{"id":"/providers/Microsoft.PowerApps/apis/shared_sharepointonline/apiOperations/GetAttachmentContent","flowConnectionRef":"shared_sharepointonline","apiName":"SharePoint","actionName":"GetAttachmentContent","referencedResources":[{"key":"site","value":"https://datenshi.sharepoint.com/sites/Dev Feven"},{"key":"list","value":"[DYNAMIC_VALUE]"}]},{"id":"/providers/Microsoft.PowerApps/apis/shared_sharepointonline/apiOperations/CreateFile","flowConnectionRef":"shared_sharepointonline","apiName":"SharePoint","actionName":"CreateFile","referencedResources":[{"key":"site","value":"https://datenshi.sharepoint.com"}]},{"id":"/providers/Microsoft.PowerApps/apis/shared_sharepointonline/apiOperations/CreateSharingLink","flowConnectionRef":"shared_sharepointonline","apiName":"SharePoint","actionName":"CreateSharingLink","referencedResources":[{"key":"site","value":"https://datenshi.sharepoint.com"},{"key":"list","value":"b4b20ef0-310f-42d3-b82f-c42024b78f18"}]},{"id":"/providers/Microsoft.PowerApps/apis/shared_sharepointonline/apiOperations/GetFileContentByPath","flowConnectionRef":"shared_sharepointonline","apiName":"SharePoint","actionName":"GetFileContentByPath","referencedResources":[{"key":"site","value":"https://datenshi.sharepoint.com"}]},{"id":"/providers/Microsoft.PowerApps/apis/shared_onedriveforbusiness/apiOperations/CreateFile","flowConnectionRef":"shared_onedriveforbusiness","apiName":"OneDrive for Business","actionName":"CreateFile","referencedResources":[]},{"id":"/providers/Microsoft.PowerApps/apis/shared_onedriveforbusiness/apiOperations/ConvertFile","flowConnectionRef":"shared_onedriveforbusiness","apiName":"OneDrive for Business","actionName":"ConvertFile","referencedResources":[]},{"id":"/providers/Microsoft.PowerApps/apis/shared_onedriveforbusiness/apiOperations/DeleteFile","flowConnectionRef":"shared_onedriveforbusiness","apiName":"OneDrive for Business","actionName":"DeleteFile","referencedResources":[]}]},"7ca0083a-32b4-41ac-83b9-9476dd4458e6":{"id":"e6ea47eb-4dc2-4b6c-9c93-2cb3937011b6","displayName":"OneDrive for Business","iconUri":"https://connectoricons-prod.azureedge.net/releases/v1.0.1689/1.0.1689.3722/onedriveforbusiness/icon.png","dataSources":[],"dependencies":[],"dependents":["7714599f-011a-47c7-830f-9f893d94c501"],"parameterHints":{},"parameterHintsV2":{},"isOnPremiseConnection":false,"bypassConsent":false,"dataSets":{},"apiTier":"Standard","isCustomApiConnection":false}},"databaseReferences":{},"almMode":"Environment","performanceOptimizationEnabled":false,"canConsumeAppPass":false,"enableModernRuntimeMode":false,"executionRestrictions":{"isTeamsOnly":false,"dataLossPreventionEvaluationResult":{"status":"Compliant","lastEvaluationDate":"2024-12-28T16:43:20.0621082Z","violations":[],"violationsByPolicy":[],"violationErrorMessage":"The app uses the following connectors: shared_sharepointonline, shared_logicflows, shared_onedriveforbusiness."},"httpActionRestriction":{"appUsesSharepointHttpAction":false,"enforcementStrategy":"Legacy","evaluationTime":"2024-12-28T16:43:20.0619543Z"}}},"appType":"ClassicCanvasApp","appComponents":[]}}