{"schemaVersion":"1.0","appDefinitionTemplate":{"id":"/providers/Microsoft.PowerApps/apps/","type":"Microsoft.PowerApps/apps","tags":{"primaryDeviceWidth":"1366","primaryDeviceHeight":"768","supportsPortrait":"true","supportsLandscape":"true","primaryFormFactor":"Tablet","showStatusBar":"false","publisherVersion":"3.24121.10","minimumRequiredApiVersion":"2.2.0","hasComponent":"false","hasUnlockedComponent":"false","isUnifiedRootApp":"false","sienaVersion":"20241215T104816Z-3.24121.10.0"},"properties":{"appVersion":"2024-12-15T10:48:16Z","lifeCycleId":"Published","createdByClientVersion":{"major":3,"minor":24121,"build":10,"revision":0,"majorRevision":0,"minorRevision":0},"minClientVersion":{"major":3,"minor":24121,"build":10,"revision":0,"majorRevision":0,"minorRevision":0},"backgroundColor":"RGBA(0,176,240,1)","backgroundImageUri":"/3637209544316977464/Nf03bcab8-9554-4510-baaf-7fb008631769-logoSmallFile","displayName":"DVi","description":"","commitMessage":"","appUris":{"documentUri":{"value":"/3637209544316977464/Ndf1c883d-9184-40e1-ab70-fa51a5fd919c-document.msapp"},"imageUris":[],"additionalUris":[{"isSolutionAware":false,"value":"/3637209544316977464/N739d1835-59b4-4e13-a2fe-0941ecd483d4-identity.json"}]},"createdTime":"0001-01-01T00:00:00Z","lastModifiedTime":"0001-01-01T00:00:00Z","sharedGroupsCount":0,"sharedUsersCount":0,"connectionReferences":{"29be6e6d-60d8-41c3-87e4-669e81818a08":{"id":"aa15f8a7-4471-4276-bbfa-93ca27d8faad","displayName":"SharePoint","iconUri":"https://connectoricons-prod.azureedge.net/releases/v1.0.1723/1.0.1723.3986/sharepointonline/icon.png","dataSources":["Documents","Inventory"],"dependencies":[],"dependents":[],"parameterHints":{},"parameterHintsV2":{},"isOnPremiseConnection":false,"bypassConsent":false,"dataSets":{"https://datenshi.sharepoint.com":{"dataSources":{"Documents":{"tableName":"b4b20ef0-310f-42d3-b82f-c42024b78f18"}}},"https://datenshi.sharepoint.com/sites/Dev Feven":{"dataSources":{"Inventory":{"tableName":"7220b6ff-f946-4bb5-9907-242ef8fbc273"}}}},"apiTier":"Standard","isCustomApiConnection":false,"actions":["providers/PowerPlatform.Governance/Operations/Read","providers/PowerPlatform.Governance/Operations/Write"]}},"databaseReferences":{},"almMode":"Environment","performanceOptimizationEnabled":false,"canConsumeAppPass":false,"enableModernRuntimeMode":false,"executionRestrictions":{"isTeamsOnly":false,"dataLossPreventionEvaluationResult":{"status":"Compliant","lastEvaluationDate":"2024-12-14T10:48:55.2613271Z","violations":[],"violationsByPolicy":[],"violationErrorMessage":"The app uses the following connectors: shared_sharepointonline."}}},"appType":"ClassicCanvasApp","appComponents":[]}}