{"schemaVersion":"1.0","appDefinitionTemplate":{"id":"/providers/Microsoft.PowerApps/apps/","type":"Microsoft.PowerApps/apps","tags":{"primaryDeviceWidth":"1366","primaryDeviceHeight":"768","supportsPortrait":"true","supportsLandscape":"true","primaryFormFactor":"Tablet","showStatusBar":"false","publisherVersion":"3.25012.14","minimumRequiredApiVersion":"2.2.0","hasComponent":"false","hasUnlockedComponent":"false","isUnifiedRootApp":"false","sienaVersion":"20250124T201341Z-3.25012.14.0"},"properties":{"appVersion":"2025-01-24T20:13:41Z","lifeCycleId":"Published","createdByClientVersion":{"major":3,"minor":25012,"build":14,"revision":0,"majorRevision":0,"minorRevision":0},"minClientVersion":{"major":3,"minor":25012,"build":14,"revision":0,"majorRevision":0,"minorRevision":0},"backgroundColor":"RGBA(0,176,240,1)","backgroundImageUri":"/17470297335437985153/N0c7ffc69-0243-46cf-80f1-ac4af9649305-logoSmallFile","displayName":"Associate Documents","description":"","commitMessage":"","appUris":{"documentUri":{"value":"/17470297335437985153/Neeceaf95-d5fa-4f40-bb67-7f3e362ccd76-document.msapp"},"imageUris":[],"additionalUris":[{"isSolutionAware":false,"value":"/17470297335437985153/N8af8d6e3-ca80-4e26-95b8-777d307f0398-identity.json"}]},"createdTime":"0001-01-01T00:00:00Z","lastModifiedTime":"0001-01-01T00:00:00Z","sharedGroupsCount":0,"sharedUsersCount":0,"connectionReferences":{"718b3ca9-aeed-4614-a40d-2bc072b38751":{"id":"aa15f8a7-4471-4276-bbfa-93ca27d8faad","displayName":"SharePoint","iconUri":"https://conn-afd-prod-endpoint-bmc9bqahasf3grgk.b01.azurefd.net/releases/v1.0.1723/1.0.1723.3986/sharepointonline/icon.png","dataSources":["WPA Report","Documents"],"dependencies":[],"dependents":[],"parameterHints":{},"parameterHintsV2":{},"isOnPremiseConnection":false,"bypassConsent":false,"dataSets":{"https://datenshi.sharepoint.com/sites/Dev Feven":{"dataSources":{"WPA Report":{"tableName":"e237e5fd-ff09-4d8a-af78-c9d906daa37e"},"Documents":{"tableName":"069b80eb-c2a4-4bfa-9a2f-a0cb7b59d916"}}}},"apiTier":"Standard","isCustomApiConnection":false,"actions":["providers/PowerPlatform.Governance/Operations/Read","providers/PowerPlatform.Governance/Operations/Write"]}},"databaseReferences":{},"almMode":"Environment","performanceOptimizationEnabled":false,"canConsumeAppPass":false,"enableModernRuntimeMode":false,"executionRestrictions":{"isTeamsOnly":false,"dataLossPreventionEvaluationResult":{"status":"Compliant","lastEvaluationDate":"2025-01-17T05:25:07.7498651Z","violations":[],"violationsByPolicy":[],"violationErrorMessage":"The app uses the following connectors: shared_sharepointonline."}}},"isAppComponentLibrary":false,"appType":"ClassicCanvasApp","appComponents":[]}}